Test ACC,Test F1,Test AUC,epoch,fold_idx,adj_parameter,repeat_idx
0.5094339622641509,0.13333333333333333,0.5354723707664885,0,0,3,0
0.6415094339622641,0.7361111111111112,0.7793226381461675,50,0,3,0
0.7075471698113207,0.743801652892562,0.835650623885918,100,0,3,0
0.7924528301886793,0.8035714285714286,0.8734402852049911,150,0,3,0
0.7547169811320755,0.7719298245614035,0.8659536541889483,200,0,3,0
0.7735849056603774,0.8,0.8994652406417113,250,0,3,0
0.7735849056603774,0.7735849056603774,0.8909090909090909,300,0,3,0
0.8207547169811321,0.8155339805825242,0.8934046345811052,350,0,3,0
0.8207547169811321,0.8118811881188119,0.8852049910873441,400,0,3,0
0.8490566037735849,0.8490566037735849,0.906951871657754,450,0,3,0
0.8301886792452831,0.8269230769230769,0.8998217468805705,500,0,3,0
0.8301886792452831,0.8235294117647058,0.8948306595365417,550,0,3,0
0.8113207547169812,0.803921568627451,0.8877005347593582,600,0,3,0
0.8113207547169812,0.8076923076923077,0.8805704099821747,650,0,3,0
0.8207547169811321,0.8155339805825242,0.8880570409982175,700,0,3,0
0.8018867924528302,0.8,0.8862745098039215,750,0,3,0
0.8207547169811321,0.8118811881188119,0.8809269162210338,800,0,3,0
0.7735849056603774,0.7818181818181819,0.8862745098039216,850,0,3,0
0.8207547169811321,0.819047619047619,0.8798573975044562,900,0,3,0
0.7924528301886793,0.7962962962962963,0.8755793226381462,950,0,3,0
0.8018867924528302,0.7961165048543689,0.8684491978609626,1000,0,3,0
0.8018867924528302,0.7835051546391752,0.8652406417112299,1050,0,3,0
0.8113207547169812,0.8076923076923077,0.8695187165775401,1100,0,3,0
0.7924528301886793,0.78,0.8809269162210338,1150,0,3,0
0.7830188679245284,0.7628865979381443,0.8680926916221033,1200,0,3,0
0.7830188679245284,0.7889908256880734,0.8655971479500891,1250,0,3,0
0.8113207547169812,0.803921568627451,0.8773618538324421,1300,0,3,0
0.7924528301886793,0.7843137254901961,0.8673796791443851,1350,0,3,0
0.7924528301886793,0.8,0.8655971479500891,1400,0,3,0
0.8113207547169812,0.8113207547169812,0.861319073083779,1450,0,3,0
0.7924528301886793,0.7708333333333334,0.8620320855614974,1500,0,3,0
0.7641509433962265,0.7663551401869159,0.8506238859180036,1550,0,3,0
0.8113207547169812,0.8076923076923077,0.8623885918003564,1600,0,3,0
0.7830188679245284,0.7578947368421053,0.8680926916221035,1650,0,3,0
0.7735849056603774,0.7551020408163265,0.8541889483065954,1700,0,3,0
0.7735849056603774,0.7647058823529411,0.859536541889483,1750,0,3,0
0.7924528301886793,0.7962962962962963,0.8474153297682709,1800,0,3,0
0.7641509433962265,0.7619047619047619,0.8545454545454546,1850,0,3,0
0.8018867924528302,0.7789473684210526,0.8545454545454545,1900,0,3,0
0.7924528301886793,0.7884615384615384,0.8506238859180035,1950,0,3,0
0.7547169811320755,0.7547169811320755,0.8502673796791445,2000,0,3,0
0.7830188679245284,0.7766990291262136,0.8506238859180036,2050,0,3,0
0.7830188679245284,0.7722772277227723,0.8484848484848484,2100,0,3,0
0.7735849056603774,0.7551020408163265,0.8445632798573975,2150,0,3,0
0.7830188679245284,0.7766990291262136,0.8606060606060607,2200,0,3,0
0.7547169811320755,0.7636363636363637,0.8484848484848484,2250,0,3,0
0.7641509433962265,0.7619047619047619,0.8413547237076647,2300,0,3,0
0.7735849056603774,0.7551020408163265,0.8427807486631016,2350,0,3,0
0.7735849056603774,0.7551020408163265,0.8577540106951871,2400,0,3,0
0.7924528301886793,0.7755102040816326,0.849554367201426,2450,0,3,0
0.7924528301886793,0.7755102040816326,0.8652406417112299,2500,0,3,0
0.37735849056603776,0.5,0.3914285714285714,0,1,3,0
0.4811320754716981,0.6451612903225806,0.7764285714285714,50,1,3,0
0.5943396226415094,0.6993006993006993,0.8232142857142858,100,1,3,0
0.7169811320754716,0.7413793103448276,0.835,150,1,3,0
0.7358490566037735,0.75,0.845,200,1,3,0
0.7735849056603774,0.7818181818181819,0.8525,250,1,3,0
0.7735849056603774,0.7818181818181819,0.8571428571428572,300,1,3,0
0.7830188679245284,0.7628865979381443,0.8478571428571429,350,1,3,0
0.7452830188679245,0.7610619469026548,0.8639285714285715,400,1,3,0
0.7641509433962265,0.7524752475247525,0.8603571428571429,450,1,3,0
0.7641509433962265,0.7474747474747475,0.8528571428571429,500,1,3,0
0.8018867924528302,0.7741935483870968,0.8553571428571429,550,1,3,0
0.7924528301886793,0.7555555555555555,0.845,600,1,3,0
0.7547169811320755,0.74,0.8471428571428571,650,1,3,0
0.7735849056603774,0.7551020408163265,0.8500000000000001,700,1,3,0
0.8207547169811321,0.7865168539325843,0.8560714285714286,750,1,3,0
0.7641509433962265,0.7524752475247525,0.8585714285714287,800,1,3,0
0.7452830188679245,0.7522935779816514,0.8617857142857143,850,1,3,0
0.7641509433962265,0.7572815533980582,0.8528571428571429,900,1,3,0
0.7358490566037735,0.7543859649122807,0.8578571428571429,950,1,3,0
0.7735849056603774,0.76,0.8660714285714286,1000,1,3,0
0.7358490566037735,0.7454545454545455,0.8607142857142857,1050,1,3,0
0.7735849056603774,0.75,0.8571428571428572,1100,1,3,0
0.7641509433962265,0.7474747474747475,0.8535714285714285,1150,1,3,0
0.7641509433962265,0.7706422018348624,0.8571428571428571,1200,1,3,0
0.7735849056603774,0.76,0.8646428571428572,1250,1,3,0
0.7452830188679245,0.7216494845360825,0.8553571428571428,1300,1,3,0
0.8018867924528302,0.7741935483870968,0.8567857142857143,1350,1,3,0
0.7641509433962265,0.7422680412371134,0.8467857142857143,1400,1,3,0
0.7830188679245284,0.7578947368421053,0.8707142857142857,1450,1,3,0
0.7641509433962265,0.7474747474747475,0.8607142857142855,1500,1,3,0
0.8018867924528302,0.7741935483870968,0.8553571428571428,1550,1,3,0
0.7830188679245284,0.7722772277227723,0.8550000000000001,1600,1,3,0
0.7641509433962265,0.7572815533980582,0.8614285714285714,1650,1,3,0
0.7830188679245284,0.7628865979381443,0.8535714285714285,1700,1,3,0
0.8018867924528302,0.7692307692307693,0.8589285714285713,1750,1,3,0
0.7735849056603774,0.7391304347826086,0.8292857142857143,1800,1,3,0
0.8113207547169812,0.7777777777777778,0.8496428571428571,1850,1,3,0
0.839622641509434,0.8089887640449438,0.8546428571428571,1900,1,3,0
0.8113207547169812,0.782608695652174,0.8524999999999999,1950,1,3,0
0.7641509433962265,0.7474747474747475,0.8578571428571429,2000,1,3,0
0.7924528301886793,0.7608695652173914,0.8507142857142856,2050,1,3,0
0.7547169811320755,0.7346938775510204,0.8467857142857143,2100,1,3,0
0.7735849056603774,0.7551020408163265,0.8546428571428571,2150,1,3,0
0.7830188679245284,0.7628865979381443,0.8524999999999999,2200,1,3,0
0.7735849056603774,0.7551020408163265,0.8453571428571429,2250,1,3,0
0.8018867924528302,0.7640449438202247,0.8314285714285714,2300,1,3,0
0.7735849056603774,0.7692307692307693,0.8621428571428572,2350,1,3,0
0.7641509433962265,0.7474747474747475,0.8489285714285714,2400,1,3,0
0.8113207547169812,0.782608695652174,0.8332142857142858,2450,1,3,0
0.8018867924528302,0.7692307692307693,0.8539285714285715,2500,1,3,0
0.32075471698113206,0.1,0.30928961748633876,0,2,3,0
0.6037735849056604,0.5227272727272727,0.6870673952641166,50,2,3,0
0.6698113207547169,0.6601941747572816,0.7723132969034607,100,2,3,0
0.7075471698113207,0.7047619047619048,0.7850637522768671,150,2,3,0
0.7075471698113207,0.6868686868686869,0.7868852459016393,200,2,3,0
0.7264150943396226,0.7521367521367521,0.7916211293260473,250,2,3,0
0.7075471698113207,0.7256637168141593,0.7989071038251366,300,2,3,0
0.6886792452830188,0.6796116504854369,0.7941712204007286,350,2,3,0
0.6981132075471698,0.6923076923076923,0.8047358834244079,400,2,3,0
0.7169811320754716,0.7321428571428571,0.8072859744990892,450,2,3,0
0.7169811320754716,0.7222222222222222,0.7912568306010929,500,2,3,0
0.7452830188679245,0.7692307692307693,0.804007285974499,550,2,3,0
0.7264150943396226,0.7387387387387387,0.7981785063752277,600,2,3,0
0.7452830188679245,0.7652173913043478,0.8069216757741349,650,2,3,0
0.7358490566037735,0.7543859649122807,0.799271402550091,700,2,3,0
0.7547169811320755,0.7903225806451613,0.8051001821493624,750,2,3,0
0.7264150943396226,0.7433628318584071,0.7934426229508197,800,2,3,0
0.6981132075471698,0.6923076923076923,0.7978142076502732,850,2,3,0
0.7075471698113207,0.7102803738317757,0.8036429872495446,900,2,3,0
0.7452830188679245,0.7610619469026548,0.7981785063752276,950,2,3,0
0.7547169811320755,0.7758620689655172,0.8036429872495445,1000,2,3,0
0.6698113207547169,0.6666666666666666,0.7890710382513662,1050,2,3,0
0.7169811320754716,0.7272727272727273,0.7938069216757742,1100,2,3,0
0.6886792452830188,0.6796116504854369,0.8010928961748635,1150,2,3,0
0.7358490566037735,0.7741935483870968,0.7974499089253188,1200,2,3,0
0.7264150943396226,0.7387387387387387,0.7919854280510018,1250,2,3,0
0.7264150943396226,0.7642276422764228,0.7934426229508197,1300,2,3,0
0.7452830188679245,0.7610619469026548,0.793806921675774,1350,2,3,0
0.7075471698113207,0.7256637168141593,0.7876138433515482,1400,2,3,0
0.7075471698113207,0.7047619047619048,0.8091074681238616,1450,2,3,0
0.6886792452830188,0.6732673267326733,0.7941712204007286,1500,2,3,0
0.6886792452830188,0.7226890756302521,0.7938069216757742,1550,2,3,0
0.7452830188679245,0.7610619469026548,0.7916211293260472,1600,2,3,0
0.7452830188679245,0.7610619469026548,0.8007285974499089,1650,2,3,0
0.7169811320754716,0.7457627118644068,0.7887067395264116,1700,2,3,0
0.7075471698113207,0.7207207207207207,0.7952641165755919,1750,2,3,0
0.7169811320754716,0.7368421052631579,0.7810564663023678,1800,2,3,0
0.7264150943396226,0.7603305785123967,0.7852459016393443,1850,2,3,0
0.7358490566037735,0.75,0.8102003642987249,1900,2,3,0
0.7547169811320755,0.7678571428571429,0.8065573770491803,1950,2,3,0
0.7169811320754716,0.7321428571428571,0.7959927140255009,2000,2,3,0
0.7075471698113207,0.7350427350427351,0.7803278688524591,2050,2,3,0
0.7358490566037735,0.7586206896551724,0.8010928961748635,2100,2,3,0
0.7264150943396226,0.7433628318584071,0.7876138433515482,2150,2,3,0
0.7075471698113207,0.7102803738317757,0.7967213114754098,2200,2,3,0
0.7358490566037735,0.7666666666666667,0.8010928961748633,2250,2,3,0
0.6886792452830188,0.6796116504854369,0.7989071038251366,2300,2,3,0
0.6886792452830188,0.7226890756302521,0.7930783242258651,2350,2,3,0
0.7264150943396226,0.7238095238095238,0.7981785063752277,2400,2,3,0
0.6792452830188679,0.6792452830188679,0.7948998178506376,2450,2,3,0
0.7452830188679245,0.773109243697479,0.808743169398907,2500,2,3,0
0.5188679245283019,0.6832298136645962,0.43672014260249553,0,0,3,1
0.6320754716981132,0.7310344827586207,0.7996434937611409,50,0,3,1
0.7264150943396226,0.7751937984496124,0.8748663101604278,100,0,3,1
0.7358490566037735,0.7910447761194029,0.906951871657754,150,0,3,1
0.7735849056603774,0.7777777777777778,0.8994652406417113,200,0,3,1
0.8113207547169812,0.8181818181818182,0.9033868092691621,250,0,3,1
0.8207547169811321,0.8155339805825242,0.9019607843137255,300,0,3,1
0.8018867924528302,0.8108108108108109,0.8976827094474154,350,0,3,1
0.8113207547169812,0.803921568627451,0.9033868092691623,400,0,3,1
0.8018867924528302,0.8037383177570093,0.9012477718360071,450,0,3,1
0.8018867924528302,0.7878787878787878,0.8976827094474154,500,0,3,1
0.8018867924528302,0.7920792079207921,0.877361853832442,550,0,3,1
0.8018867924528302,0.8073394495412844,0.8834224598930481,600,0,3,1
0.7924528301886793,0.7755102040816326,0.8759358288770054,650,0,3,1
0.7924528301886793,0.8166666666666667,0.8848484848484848,700,0,3,1
0.7735849056603774,0.7818181818181819,0.8723707664884136,750,0,3,1
0.8113207547169812,0.8,0.8816399286987522,800,0,3,1
0.8018867924528302,0.7920792079207921,0.8648841354723709,850,0,3,1
0.8018867924528302,0.7878787878787878,0.8887700534759359,900,0,3,1
0.7830188679245284,0.7722772277227723,0.8688057040998218,950,0,3,1
0.8113207547169812,0.803921568627451,0.8745098039215685,1000,0,3,1
0.7830188679245284,0.7766990291262136,0.8584670231729055,1050,0,3,1
0.7830188679245284,0.7850467289719626,0.8688057040998217,1100,0,3,1
0.7830188679245284,0.780952380952381,0.8559714795008913,1150,0,3,1
0.7924528301886793,0.7755102040816326,0.861319073083779,1200,0,3,1
0.7641509433962265,0.7572815533980582,0.849554367201426,1250,0,3,1
0.7830188679245284,0.7578947368421053,0.8620320855614974,1300,0,3,1
0.7924528301886793,0.7884615384615384,0.8606060606060607,1350,0,3,1
0.7924528301886793,0.7755102040816326,0.8638146167557933,1400,0,3,1
0.8018867924528302,0.7835051546391752,0.8491978609625669,1450,0,3,1
0.7358490566037735,0.75,0.8292335115864528,1500,0,3,1
0.7169811320754716,0.7222222222222222,0.8385026737967916,1550,0,3,1
0.7924528301886793,0.7608695652173914,0.8413547237076648,1600,0,3,1
0.7830188679245284,0.7676767676767676,0.8509803921568627,1650,0,3,1
0.7452830188679245,0.7652173913043478,0.8352941176470589,1700,0,3,1
0.7641509433962265,0.7422680412371134,0.8463458110516934,1750,0,3,1
0.8018867924528302,0.7835051546391752,0.8531194295900179,1800,0,3,1
0.7830188679245284,0.7889908256880734,0.8509803921568627,1850,0,3,1
0.7735849056603774,0.7735849056603774,0.8534759358288769,1900,0,3,1
0.7547169811320755,0.74,0.8360071301247772,1950,0,3,1
0.7547169811320755,0.7547169811320755,0.8520499108734403,2000,0,3,1
0.7641509433962265,0.7619047619047619,0.8477718360071301,2050,0,3,1
0.7735849056603774,0.7692307692307693,0.8442067736185384,2100,0,3,1
0.7735849056603774,0.7647058823529411,0.8727272727272727,2150,0,3,1
0.8207547169811321,0.8041237113402062,0.8499108734402852,2200,0,3,1
0.7169811320754716,0.7272727272727273,0.8481283422459893,2250,0,3,1
0.8113207547169812,0.7959183673469388,0.8409982174688057,2300,0,3,1
0.8018867924528302,0.7878787878787878,0.857397504456328,2350,0,3,1
0.7924528301886793,0.7755102040816326,0.8481283422459893,2400,0,3,1
0.7169811320754716,0.7272727272727273,0.8356506238859179,2450,0,3,1
0.7830188679245284,0.7628865979381443,0.8470588235294118,2500,0,3,1
0.7169811320754716,0.7321428571428571,0.7867857142857143,0,1,3,1
0.5943396226415094,0.6717557251908397,0.8107142857142858,50,1,3,1
0.7264150943396226,0.7478260869565218,0.8217857142857142,100,1,3,1
0.7641509433962265,0.7747747747747747,0.8478571428571428,150,1,3,1
0.7452830188679245,0.7652173913043478,0.8557142857142856,200,1,3,1
0.7830188679245284,0.7889908256880734,0.8589285714285716,250,1,3,1
0.7547169811320755,0.7719298245614035,0.8617857142857143,300,1,3,1
0.8018867924528302,0.7920792079207921,0.8617857142857143,350,1,3,1
0.7641509433962265,0.7747747747747747,0.8646428571428572,400,1,3,1
0.7641509433962265,0.7706422018348624,0.8621428571428572,450,1,3,1
0.7924528301886793,0.7755102040816326,0.8589285714285715,500,1,3,1
0.8113207547169812,0.7872340425531915,0.8685714285714284,550,1,3,1
0.7641509433962265,0.7663551401869159,0.8671428571428571,600,1,3,1
0.7830188679245284,0.7850467289719626,0.8753571428571428,650,1,3,1
0.7830188679245284,0.7766990291262136,0.8732142857142857,700,1,3,1
0.8018867924528302,0.7878787878787878,0.8717857142857143,750,1,3,1
0.7830188679245284,0.780952380952381,0.8657142857142858,800,1,3,1
0.7547169811320755,0.7592592592592593,0.8725,850,1,3,1
0.7830188679245284,0.7628865979381443,0.8585714285714287,900,1,3,1
0.8018867924528302,0.7789473684210526,0.8721428571428571,950,1,3,1
0.8113207547169812,0.7916666666666666,0.8775,1000,1,3,1
0.8207547169811321,0.7956989247311828,0.8728571428571429,1050,1,3,1
0.8018867924528302,0.8,0.8764285714285714,1100,1,3,1
0.7830188679245284,0.7766990291262136,0.8671428571428571,1150,1,3,1
0.8301886792452831,0.8043478260869565,0.8775000000000001,1200,1,3,1
0.8018867924528302,0.7878787878787878,0.8653571428571429,1250,1,3,1
0.7735849056603774,0.7551020408163265,0.8671428571428571,1300,1,3,1
0.8018867924528302,0.7835051546391752,0.8692857142857143,1350,1,3,1
0.8207547169811321,0.7865168539325843,0.8678571428571429,1400,1,3,1
0.7924528301886793,0.7608695652173914,0.8682142857142857,1450,1,3,1
0.7924528301886793,0.75,0.8460714285714285,1500,1,3,1
0.8018867924528302,0.7835051546391752,0.8717857142857143,1550,1,3,1
0.7924528301886793,0.7659574468085106,0.8675,1600,1,3,1
0.8018867924528302,0.7835051546391752,0.8678571428571428,1650,1,3,1
0.8018867924528302,0.7789473684210526,0.8692857142857143,1700,1,3,1
0.8207547169811321,0.7912087912087912,0.8746428571428572,1750,1,3,1
0.7830188679245284,0.780952380952381,0.8682142857142857,1800,1,3,1
0.8207547169811321,0.8,0.8664285714285714,1850,1,3,1
0.8113207547169812,0.7959183673469388,0.875,1900,1,3,1
0.7924528301886793,0.78,0.87,1950,1,3,1
0.8207547169811321,0.7865168539325843,0.865,2000,1,3,1
0.7924528301886793,0.7708333333333334,0.8682142857142857,2050,1,3,1
0.8207547169811321,0.8041237113402062,0.8792857142857143,2100,1,3,1
0.8018867924528302,0.7692307692307693,0.8642857142857142,2150,1,3,1
0.7924528301886793,0.7755102040816326,0.8703571428571428,2200,1,3,1
0.8018867924528302,0.7920792079207921,0.8667857142857143,2250,1,3,1
0.8301886792452831,0.82,0.8753571428571428,2300,1,3,1
0.8018867924528302,0.7741935483870968,0.8724999999999999,2350,1,3,1
0.8113207547169812,0.7959183673469388,0.8682142857142857,2400,1,3,1
0.8113207547169812,0.7916666666666666,0.8778571428571429,2450,1,3,1
0.8018867924528302,0.7789473684210526,0.8671428571428572,2500,1,3,1
0.5754716981132075,0.7305389221556886,0.2910746812386157,0,2,3,1
0.5660377358490566,0.43902439024390244,0.6801457194899818,50,2,3,1
0.6792452830188679,0.6304347826086957,0.8021857923497268,100,2,3,1
0.6981132075471698,0.68,0.8076502732240437,150,2,3,1
0.6886792452830188,0.6732673267326733,0.7989071038251366,200,2,3,1
0.6981132075471698,0.6862745098039216,0.8058287795992713,250,2,3,1
0.6981132075471698,0.6923076923076923,0.806193078324226,300,2,3,1
0.6792452830188679,0.6530612244897959,0.8116575591985428,350,2,3,1
0.7075471698113207,0.6990291262135923,0.8109289617486338,400,2,3,1
0.7075471698113207,0.7155963302752294,0.8032786885245901,450,2,3,1
0.7264150943396226,0.7387387387387387,0.8072859744990892,500,2,3,1
0.7358490566037735,0.75,0.8043715846994535,550,2,3,1
0.7264150943396226,0.7387387387387387,0.8076502732240437,600,2,3,1
0.7358490566037735,0.7543859649122807,0.8072859744990893,650,2,3,1
0.7358490566037735,0.7407407407407407,0.8021857923497268,700,2,3,1
0.7169811320754716,0.7115384615384616,0.8047358834244079,750,2,3,1
0.7169811320754716,0.7272727272727273,0.7970856102003644,800,2,3,1
0.7075471698113207,0.7155963302752294,0.7992714025500911,850,2,3,1
0.6792452830188679,0.6666666666666666,0.799271402550091,900,2,3,1
0.7358490566037735,0.75,0.8051001821493624,950,2,3,1
0.7169811320754716,0.7321428571428571,0.7843351548269581,1000,2,3,1
0.7075471698113207,0.7102803738317757,0.7941712204007285,1050,2,3,1
0.7452830188679245,0.7768595041322314,0.8047358834244079,1100,2,3,1
0.7547169811320755,0.7833333333333333,0.8156648451730419,1150,2,3,1
0.6886792452830188,0.6857142857142857,0.8076502732240438,1200,2,3,1
0.7169811320754716,0.7272727272727273,0.8003642987249545,1250,2,3,1
0.6981132075471698,0.6923076923076923,0.794535519125683,1300,2,3,1
0.7264150943396226,0.7387387387387387,0.7981785063752277,1350,2,3,1
0.6886792452830188,0.6857142857142857,0.7916211293260474,1400,2,3,1
0.7358490566037735,0.7543859649122807,0.7978142076502732,1450,2,3,1
0.7358490566037735,0.7666666666666667,0.7923497267759562,1500,2,3,1
0.6981132075471698,0.6923076923076923,0.789799635701275,1550,2,3,1
0.6886792452830188,0.7027027027027027,0.8029143897996357,1600,2,3,1
0.7075471698113207,0.7155963302752294,0.7934426229508196,1650,2,3,1
0.7264150943396226,0.7521367521367521,0.7934426229508197,1700,2,3,1
0.7169811320754716,0.7222222222222222,0.8051001821493624,1750,2,3,1
0.7169811320754716,0.7368421052631579,0.7846994535519124,1800,2,3,1
0.7169811320754716,0.7413793103448276,0.7945355191256831,1850,2,3,1
0.7358490566037735,0.7586206896551724,0.795264116575592,1900,2,3,1
0.6792452830188679,0.6851851851851852,0.7879781420765027,1950,2,3,1
0.7264150943396226,0.7070707070707071,0.7897996357012751,2000,2,3,1
0.7075471698113207,0.6868686868686869,0.8010928961748633,2050,2,3,1
0.7452830188679245,0.7692307692307693,0.7956284153005464,2100,2,3,1
0.6981132075471698,0.6981132075471698,0.7959927140255008,2150,2,3,1
0.7075471698113207,0.743801652892562,0.7839708561020036,2200,2,3,1
0.7075471698113207,0.7256637168141593,0.794535519125683,2250,2,3,1
0.6792452830188679,0.6964285714285714,0.7836065573770492,2300,2,3,1
0.7264150943396226,0.7387387387387387,0.7974499089253188,2350,2,3,1
0.6981132075471698,0.7288135593220338,0.8029143897996357,2400,2,3,1
0.6792452830188679,0.6851851851851852,0.7916211293260473,2450,2,3,1
0.6981132075471698,0.7192982456140351,0.7879781420765026,2500,2,3,1
0.5094339622641509,0.675,0.360427807486631,0,0,3,2
0.5566037735849056,0.6618705035971223,0.4859180035650624,50,0,3,2
0.7358490566037735,0.78125,0.841711229946524,100,0,3,2
0.8113207547169812,0.8,0.875222816399287,150,0,3,2
0.8018867924528302,0.7920792079207921,0.9090909090909092,200,0,3,2
0.8301886792452831,0.8269230769230769,0.9158645276292335,250,0,3,2
0.8584905660377359,0.8695652173913043,0.9229946524064171,300,0,3,2
0.839622641509434,0.8349514563106796,0.910873440285205,350,0,3,2
0.8207547169811321,0.8256880733944955,0.9119429590017825,400,0,3,2
0.7830188679245284,0.7628865979381443,0.9094474153297684,450,0,3,2
0.8207547169811321,0.8256880733944955,0.9105169340463458,500,0,3,2
0.7830188679245284,0.7628865979381443,0.899108734402852,550,0,3,2
0.8207547169811321,0.819047619047619,0.9108734402852051,600,0,3,2
0.8018867924528302,0.7920792079207921,0.9016042780748663,650,0,3,2
0.7924528301886793,0.7755102040816326,0.9122994652406418,700,0,3,2
0.8490566037735849,0.8518518518518519,0.9076648841354723,750,0,3,2
0.8018867924528302,0.7835051546391752,0.9183600713012476,800,0,3,2
0.8018867924528302,0.7920792079207921,0.8937611408199643,850,0,3,2
0.8113207547169812,0.803921568627451,0.9033868092691623,900,0,3,2
0.7924528301886793,0.78,0.890909090909091,950,0,3,2
0.7924528301886793,0.8035714285714286,0.8823529411764706,1000,0,3,2
0.8018867924528302,0.7878787878787878,0.8980392156862744,1050,0,3,2
0.8018867924528302,0.8037383177570093,0.8802139037433154,1100,0,3,2
0.8018867924528302,0.7961165048543689,0.8841354723707665,1150,0,3,2
0.8018867924528302,0.8073394495412844,0.8748663101604278,1200,0,3,2
0.7830188679245284,0.7889908256880734,0.8784313725490196,1250,0,3,2
0.7735849056603774,0.76,0.8837789661319073,1300,0,3,2
0.7452830188679245,0.773109243697479,0.8798573975044562,1350,0,3,2
0.8113207547169812,0.803921568627451,0.879144385026738,1400,0,3,2
0.8113207547169812,0.7959183673469388,0.8730837789661319,1450,0,3,2
0.7924528301886793,0.78,0.8834224598930481,1500,0,3,2
0.8018867924528302,0.7835051546391752,0.8549019607843137,1550,0,3,2
0.7452830188679245,0.7428571428571429,0.8566844919786096,1600,0,3,2
0.7641509433962265,0.7706422018348624,0.8670231729055259,1650,0,3,2
0.8301886792452831,0.8125,0.8877005347593583,1700,0,3,2
0.7924528301886793,0.7755102040816326,0.8762923351158645,1750,0,3,2
0.8113207547169812,0.8181818181818182,0.8937611408199644,1800,0,3,2
0.8113207547169812,0.7916666666666666,0.8748663101604277,1850,0,3,2
0.7547169811320755,0.7636363636363637,0.8695187165775401,1900,0,3,2
0.8207547169811321,0.819047619047619,0.8705882352941177,1950,0,3,2
0.7735849056603774,0.7333333333333333,0.8780748663101604,2000,0,3,2
0.7641509433962265,0.7619047619047619,0.863458110516934,2050,0,3,2
0.8207547169811321,0.8155339805825242,0.8748663101604278,2100,0,3,2
0.7735849056603774,0.7391304347826086,0.8755793226381461,2150,0,3,2
0.7547169811320755,0.75,0.8445632798573975,2200,0,3,2
0.7641509433962265,0.7619047619047619,0.8602495543672014,2250,0,3,2
0.7830188679245284,0.7628865979381443,0.8720142602495544,2300,0,3,2
0.7830188679245284,0.780952380952381,0.8745098039215686,2350,0,3,2
0.8018867924528302,0.7789473684210526,0.8413547237076648,2400,0,3,2
0.8207547169811321,0.8,0.8691622103386808,2450,0,3,2
0.7830188679245284,0.7850467289719626,0.8641711229946524,2500,0,3,2
0.6320754716981132,0.6976744186046512,0.7210714285714286,0,1,3,2
0.6981132075471698,0.7333333333333333,0.8153571428571429,50,1,3,2
0.6509433962264151,0.6991869918699187,0.8303571428571428,100,1,3,2
0.7641509433962265,0.7747747747747747,0.8517857142857144,150,1,3,2
0.7735849056603774,0.7818181818181819,0.8532142857142857,200,1,3,2
0.7641509433962265,0.7747747747747747,0.8635714285714285,250,1,3,2
0.8018867924528302,0.8,0.8578571428571429,300,1,3,2
0.8113207547169812,0.8076923076923077,0.8646428571428572,350,1,3,2
0.8018867924528302,0.8037383177570093,0.8628571428571429,400,1,3,2
0.7735849056603774,0.75,0.86,450,1,3,2
0.8018867924528302,0.7961165048543689,0.8646428571428572,500,1,3,2
0.8207547169811321,0.819047619047619,0.87,550,1,3,2
0.8018867924528302,0.7741935483870968,0.8667857142857143,600,1,3,2
0.7547169811320755,0.7678571428571429,0.8646428571428572,650,1,3,2
0.7924528301886793,0.7843137254901961,0.8682142857142858,700,1,3,2
0.8113207547169812,0.8076923076923077,0.8674999999999999,750,1,3,2
0.8018867924528302,0.7878787878787878,0.8728571428571429,800,1,3,2
0.8113207547169812,0.7916666666666666,0.8789285714285714,850,1,3,2
0.7924528301886793,0.78,0.8703571428571428,900,1,3,2
0.8018867924528302,0.7692307692307693,0.8674999999999999,950,1,3,2
0.8301886792452831,0.8043478260869565,0.8646428571428572,1000,1,3,2
0.8207547169811321,0.8080808080808081,0.8714285714285714,1050,1,3,2
0.8018867924528302,0.7789473684210526,0.8746428571428572,1100,1,3,2
0.7924528301886793,0.7708333333333334,0.8725,1150,1,3,2
0.8018867924528302,0.8037383177570093,0.8782142857142857,1200,1,3,2
0.8018867924528302,0.7789473684210526,0.8728571428571429,1250,1,3,2
0.7924528301886793,0.7708333333333334,0.8639285714285714,1300,1,3,2
0.7924528301886793,0.7608695652173914,0.8724999999999999,1350,1,3,2
0.8207547169811321,0.8041237113402062,0.8628571428571429,1400,1,3,2
0.8207547169811321,0.819047619047619,0.8717857142857143,1450,1,3,2
0.8113207547169812,0.7959183673469388,0.8735714285714286,1500,1,3,2
0.8113207547169812,0.7916666666666666,0.8739285714285715,1550,1,3,2
0.7924528301886793,0.7659574468085106,0.8778571428571429,1600,1,3,2
0.8018867924528302,0.7741935483870968,0.8621428571428571,1650,1,3,2
0.7830188679245284,0.7850467289719626,0.8692857142857142,1700,1,3,2
0.8018867924528302,0.8,0.8721428571428572,1750,1,3,2
0.8207547169811321,0.8,0.8689285714285714,1800,1,3,2
0.7830188679245284,0.7628865979381443,0.8632142857142858,1850,1,3,2
0.839622641509434,0.8247422680412371,0.8746428571428572,1900,1,3,2
0.8301886792452831,0.8163265306122449,0.8750000000000001,1950,1,3,2
0.8207547169811321,0.7956989247311828,0.8682142857142858,2000,1,3,2
0.7924528301886793,0.7962962962962963,0.8728571428571429,2050,1,3,2
0.8113207547169812,0.7872340425531915,0.8821428571428571,2100,1,3,2
0.8018867924528302,0.7835051546391752,0.8621428571428571,2150,1,3,2
0.8207547169811321,0.8155339805825242,0.8746428571428572,2200,1,3,2
0.8207547169811321,0.8,0.8575,2250,1,3,2
0.8018867924528302,0.7741935483870968,0.8607142857142857,2300,1,3,2
0.7830188679245284,0.735632183908046,0.8635714285714285,2350,1,3,2
0.8018867924528302,0.7741935483870968,0.8689285714285715,2400,1,3,2
0.7924528301886793,0.7755102040816326,0.8757142857142857,2450,1,3,2
0.8018867924528302,0.7640449438202247,0.8685714285714285,2500,1,3,2
0.6037735849056604,0.7272727272727273,0.6178506375227687,0,2,3,2
0.660377358490566,0.6785714285714286,0.7366120218579235,50,2,3,2
0.7452830188679245,0.7906976744186046,0.7785063752276867,100,2,3,2
0.7075471698113207,0.7047619047619048,0.8076502732240437,150,2,3,2
0.7075471698113207,0.7155963302752294,0.8116575591985428,200,2,3,2
0.6792452830188679,0.6964285714285714,0.8,250,2,3,2
0.7264150943396226,0.7433628318584071,0.8105646630236794,300,2,3,2
0.7075471698113207,0.6990291262135923,0.8094717668488159,350,2,3,2
0.7264150943396226,0.7387387387387387,0.8138433515482695,400,2,3,2
0.7169811320754716,0.7368421052631579,0.8149362477231329,450,2,3,2
0.7169811320754716,0.7413793103448276,0.8131147540983605,500,2,3,2
0.7169811320754716,0.7222222222222222,0.809471766848816,550,2,3,2
0.7452830188679245,0.7652173913043478,0.8116575591985428,600,2,3,2
0.7547169811320755,0.7758620689655172,0.8174863387978143,650,2,3,2
0.7358490566037735,0.7543859649122807,0.8171220400728597,700,2,3,2
0.7358490566037735,0.7407407407407407,0.8072859744990892,750,2,3,2
0.7169811320754716,0.7169811320754716,0.8098360655737705,800,2,3,2
0.6981132075471698,0.7090909090909091,0.808743169398907,850,2,3,2
0.7264150943396226,0.7478260869565218,0.825136612021858,900,2,3,2
0.7358490566037735,0.7586206896551724,0.800728597449909,950,2,3,2
0.7075471698113207,0.6990291262135923,0.8098360655737704,1000,2,3,2
0.7075471698113207,0.7207207207207207,0.8047358834244079,1050,2,3,2
0.7075471698113207,0.7207207207207207,0.8087431693989071,1100,2,3,2
0.7169811320754716,0.7058823529411765,0.8109289617486338,1150,2,3,2
0.7547169811320755,0.7903225806451613,0.8145719489981785,1200,2,3,2
0.7452830188679245,0.7692307692307693,0.8182149362477231,1250,2,3,2
0.6981132075471698,0.7037037037037037,0.8218579234972677,1300,2,3,2
0.6981132075471698,0.6981132075471698,0.8065573770491803,1350,2,3,2
0.7075471698113207,0.6990291262135923,0.8160291438979964,1400,2,3,2
0.7169811320754716,0.7,0.8102003642987249,1450,2,3,2
0.6981132075471698,0.6981132075471698,0.8211293260473589,1500,2,3,2
0.7358490566037735,0.7254901960784313,0.8091074681238616,1550,2,3,2
0.7075471698113207,0.7155963302752294,0.8171220400728597,1600,2,3,2
0.6981132075471698,0.6923076923076923,0.8076502732240437,1650,2,3,2
0.7169811320754716,0.7321428571428571,0.8065573770491803,1700,2,3,2
0.7452830188679245,0.7610619469026548,0.8225865209471767,1750,2,3,2
0.6981132075471698,0.7192982456140351,0.7999999999999999,1800,2,3,2
0.7264150943396226,0.7387387387387387,0.8061930783242257,1850,2,3,2
0.7169811320754716,0.7457627118644068,0.8149362477231329,1900,2,3,2
0.7075471698113207,0.693069306930693,0.8043715846994536,1950,2,3,2
0.7075471698113207,0.7102803738317757,0.810200364298725,2000,2,3,2
0.7358490566037735,0.7586206896551724,0.8153005464480875,2050,2,3,2
0.7264150943396226,0.7128712871287128,0.7934426229508196,2100,2,3,2
0.6981132075471698,0.6981132075471698,0.8102003642987249,2150,2,3,2
0.7075471698113207,0.7155963302752294,0.8029143897996357,2200,2,3,2
0.6886792452830188,0.6915887850467289,0.8105646630236795,2250,2,3,2
0.7075471698113207,0.693069306930693,0.8003642987249544,2300,2,3,2
0.7075471698113207,0.7047619047619048,0.8156648451730419,2350,2,3,2
0.7641509433962265,0.7933884297520661,0.8145719489981785,2400,2,3,2
0.7358490566037735,0.7627118644067796,0.8178506375227688,2450,2,3,2
0.7358490566037735,0.7407407407407407,0.8072859744990892,2500,2,3,2
0.4528301886792453,0.0,0.31051693404634584,0,0,3,3
0.8301886792452831,0.8163265306122449,0.8916221033868093,50,0,3,3
0.8018867924528302,0.7961165048543689,0.8901960784313725,100,0,3,3
0.839622641509434,0.8380952380952381,0.9055258467023173,150,0,3,3
0.7924528301886793,0.78,0.8934046345811052,200,0,3,3
0.8207547169811321,0.8080808080808081,0.8998217468805705,250,0,3,3
0.8113207547169812,0.8148148148148148,0.9119429590017826,300,0,3,3
0.8018867924528302,0.7878787878787878,0.9001782531194295,350,0,3,3
0.8207547169811321,0.831858407079646,0.9040998217468805,400,0,3,3
0.8113207547169812,0.8113207547169812,0.9051693404634581,450,0,3,3
0.8018867924528302,0.7878787878787878,0.9030303030303031,500,0,3,3
0.8018867924528302,0.8173913043478261,0.8934046345811051,550,0,3,3
0.8301886792452831,0.8125,0.9119429590017825,600,0,3,3
0.8207547169811321,0.822429906542056,0.9023172905525846,650,0,3,3
0.8207547169811321,0.822429906542056,0.8955436720142602,700,0,3,3
0.8207547169811321,0.8256880733944955,0.8937611408199643,750,0,3,3
0.7830188679245284,0.7850467289719626,0.8862745098039215,800,0,3,3
0.8207547169811321,0.819047619047619,0.8966131907308377,850,0,3,3
0.8113207547169812,0.8076923076923077,0.8844919786096257,900,0,3,3
0.7924528301886793,0.7924528301886793,0.8680926916221033,950,0,3,3
0.8207547169811321,0.822429906542056,0.8934046345811052,1000,0,3,3
0.7830188679245284,0.7927927927927928,0.8816399286987523,1050,0,3,3
0.7735849056603774,0.7735849056603774,0.8652406417112299,1100,0,3,3
0.839622641509434,0.8316831683168316,0.8980392156862744,1150,0,3,3
0.8207547169811321,0.8256880733944955,0.8805704099821746,1200,0,3,3
0.7830188679245284,0.7964601769911505,0.8691622103386808,1250,0,3,3
0.8113207547169812,0.8076923076923077,0.8748663101604277,1300,0,3,3
0.7830188679245284,0.780952380952381,0.8691622103386808,1350,0,3,3
0.8018867924528302,0.8,0.8652406417112299,1400,0,3,3
0.7641509433962265,0.7619047619047619,0.8541889483065954,1450,0,3,3
0.7830188679245284,0.7850467289719626,0.8666666666666667,1500,0,3,3
0.7830188679245284,0.780952380952381,0.8591800356506238,1550,0,3,3
0.7641509433962265,0.7747747747747747,0.8648841354723708,1600,0,3,3
0.7547169811320755,0.7678571428571429,0.859180035650624,1650,0,3,3
0.8018867924528302,0.7741935483870968,0.8787878787878788,1700,0,3,3
0.7924528301886793,0.7708333333333334,0.8445632798573975,1750,0,3,3
0.7735849056603774,0.7818181818181819,0.8577540106951872,1800,0,3,3
0.7547169811320755,0.7547169811320755,0.8541889483065953,1850,0,3,3
0.7547169811320755,0.74,0.8413547237076648,1900,0,3,3
0.7830188679245284,0.7628865979381443,0.8538324420677362,1950,0,3,3
0.7830188679245284,0.7676767676767676,0.8609625668449198,2000,0,3,3
0.7924528301886793,0.8035714285714286,0.8641711229946524,2050,0,3,3
0.7735849056603774,0.7647058823529411,0.8556149732620321,2100,0,3,3
0.7547169811320755,0.7636363636363637,0.8584670231729056,2150,0,3,3
0.7735849056603774,0.7735849056603774,0.84349376114082,2200,0,3,3
0.7547169811320755,0.7450980392156863,0.8409982174688058,2250,0,3,3
0.7830188679245284,0.7578947368421053,0.8552584670231729,2300,0,3,3
0.7735849056603774,0.7551020408163265,0.8452762923351158,2350,0,3,3
0.7924528301886793,0.7843137254901961,0.8399286987522281,2400,0,3,3
0.7547169811320755,0.7450980392156863,0.8295900178253119,2450,0,3,3
0.8207547169811321,0.8118811881188119,0.8905525846702317,2500,0,3,3
0.4716981132075472,0.6410256410256411,0.2042857142857143,0,1,3,3
0.4716981132075472,0.6410256410256411,0.7203571428571429,50,1,3,3
0.4716981132075472,0.6410256410256411,0.7625000000000002,100,1,3,3
0.6698113207547169,0.72,0.7842857142857143,150,1,3,3
0.7075471698113207,0.7350427350427351,0.7967857142857142,200,1,3,3
0.7452830188679245,0.7476635514018691,0.8196428571428572,250,1,3,3
0.7358490566037735,0.7454545454545455,0.8332142857142857,300,1,3,3
0.7547169811320755,0.7547169811320755,0.835,350,1,3,3
0.7641509433962265,0.7619047619047619,0.8382142857142857,400,1,3,3
0.7924528301886793,0.7555555555555555,0.8424999999999999,450,1,3,3
0.7924528301886793,0.7755102040816326,0.8485714285714286,500,1,3,3
0.7452830188679245,0.7216494845360825,0.8364285714285714,550,1,3,3
0.8018867924528302,0.7878787878787878,0.8471428571428572,600,1,3,3
0.7735849056603774,0.7551020408163265,0.8403571428571428,650,1,3,3
0.7924528301886793,0.7659574468085106,0.8460714285714286,700,1,3,3
0.7547169811320755,0.7547169811320755,0.8496428571428573,750,1,3,3
0.7830188679245284,0.7676767676767676,0.8517857142857143,800,1,3,3
0.8018867924528302,0.7878787878787878,0.8517857142857144,850,1,3,3
0.7735849056603774,0.7735849056603774,0.8514285714285714,900,1,3,3
0.7924528301886793,0.7755102040816326,0.8478571428571429,950,1,3,3
0.7641509433962265,0.7524752475247525,0.8510714285714286,1000,1,3,3
0.7830188679245284,0.7628865979381443,0.8389285714285716,1050,1,3,3
0.8018867924528302,0.7640449438202247,0.8489285714285714,1100,1,3,3
0.8113207547169812,0.8,0.8607142857142858,1150,1,3,3
0.7547169811320755,0.74,0.8557142857142858,1200,1,3,3
0.7830188679245284,0.7472527472527473,0.8446428571428571,1250,1,3,3
0.7735849056603774,0.75,0.8339285714285715,1300,1,3,3
0.7830188679245284,0.7628865979381443,0.8592857142857143,1350,1,3,3
0.7735849056603774,0.76,0.85,1400,1,3,3
0.7924528301886793,0.7555555555555555,0.8442857142857143,1450,1,3,3
0.7452830188679245,0.7272727272727273,0.8332142857142857,1500,1,3,3
0.7735849056603774,0.75,0.8500000000000001,1550,1,3,3
0.8113207547169812,0.7959183673469388,0.8546428571428571,1600,1,3,3
0.7830188679245284,0.7578947368421053,0.8353571428571428,1650,1,3,3
0.7830188679245284,0.7526881720430108,0.8517857142857143,1700,1,3,3
0.7830188679245284,0.7526881720430108,0.855,1750,1,3,3
0.8113207547169812,0.8,0.8575,1800,1,3,3
0.8018867924528302,0.7961165048543689,0.8553571428571429,1850,1,3,3
0.8018867924528302,0.7920792079207921,0.8564285714285714,1900,1,3,3
0.7924528301886793,0.7843137254901961,0.8382142857142857,1950,1,3,3
0.7924528301886793,0.7608695652173914,0.8610714285714286,2000,1,3,3
0.7735849056603774,0.75,0.8517857142857143,2050,1,3,3
0.8018867924528302,0.7789473684210526,0.8503571428571428,2100,1,3,3
0.7924528301886793,0.7843137254901961,0.8532142857142857,2150,1,3,3
0.8113207547169812,0.7777777777777778,0.8492857142857142,2200,1,3,3
0.7924528301886793,0.7708333333333334,0.8510714285714285,2250,1,3,3
0.7924528301886793,0.7843137254901961,0.8635714285714287,2300,1,3,3
0.8018867924528302,0.7835051546391752,0.8589285714285714,2350,1,3,3
0.8113207547169812,0.7777777777777778,0.8425000000000001,2400,1,3,3
0.8113207547169812,0.7959183673469388,0.8496428571428571,2450,1,3,3
0.7830188679245284,0.7766990291262136,0.86,2500,1,3,3
0.4056603773584906,0.05970149253731343,0.46448087431693996,0,2,3,3
0.5,0.49523809523809526,0.5511839708561019,50,2,3,3
0.6509433962264151,0.6782608695652174,0.7260473588342441,100,2,3,3
0.6981132075471698,0.6981132075471698,0.7504553734061931,150,2,3,3
0.6981132075471698,0.68,0.7686703096539161,200,2,3,3
0.7264150943396226,0.7521367521367521,0.7999999999999999,250,2,3,3
0.7264150943396226,0.7289719626168224,0.8025500910746812,300,2,3,3
0.7075471698113207,0.6868686868686869,0.8032786885245902,350,2,3,3
0.7452830188679245,0.7522935779816514,0.804735883424408,400,2,3,3
0.7169811320754716,0.7058823529411765,0.8025500910746812,450,2,3,3
0.7452830188679245,0.7476635514018691,0.8200364298724955,500,2,3,3
0.7264150943396226,0.7339449541284404,0.8080145719489982,550,2,3,3
0.7169811320754716,0.7222222222222222,0.8083788706739526,600,2,3,3
0.7452830188679245,0.7476635514018691,0.8171220400728597,650,2,3,3
0.7452830188679245,0.7522935779816514,0.825136612021858,700,2,3,3
0.7169811320754716,0.7115384615384616,0.8138433515482695,750,2,3,3
0.7358490566037735,0.7454545454545455,0.8287795992714025,800,2,3,3
0.7830188679245284,0.8034188034188035,0.8236794171220401,850,2,3,3
0.7264150943396226,0.7339449541284404,0.818214936247723,900,2,3,3
0.7358490566037735,0.7254901960784313,0.8178506375227687,950,2,3,3
0.7169811320754716,0.7169811320754716,0.8105646630236795,1000,2,3,3
0.7264150943396226,0.7289719626168224,0.8138433515482695,1050,2,3,3
0.6792452830188679,0.6666666666666666,0.7989071038251366,1100,2,3,3
0.7358490566037735,0.7454545454545455,0.8123861566484517,1150,2,3,3
0.7264150943396226,0.7339449541284404,0.8255009107468123,1200,2,3,3
0.7452830188679245,0.7522935779816514,0.8123861566484517,1250,2,3,3
0.7075471698113207,0.6990291262135923,0.8127504553734061,1300,2,3,3
0.7358490566037735,0.7358490566037735,0.8240437158469944,1350,2,3,3
0.7358490566037735,0.72,0.8142076502732241,1400,2,3,3
0.7075471698113207,0.7102803738317757,0.8145719489981785,1450,2,3,3
0.7641509433962265,0.7787610619469026,0.8127504553734062,1500,2,3,3
0.7264150943396226,0.7339449541284404,0.8072859744990892,1550,2,3,3
0.7641509433962265,0.782608695652174,0.8145719489981785,1600,2,3,3
0.7169811320754716,0.7272727272727273,0.8109289617486339,1650,2,3,3
0.6981132075471698,0.6666666666666666,0.8131147540983606,1700,2,3,3
0.7547169811320755,0.7719298245614035,0.8160291438979963,1750,2,3,3
0.7547169811320755,0.7719298245614035,0.814936247723133,1800,2,3,3
0.7452830188679245,0.7567567567567568,0.8149362477231329,1850,2,3,3
0.7075471698113207,0.7047619047619048,0.8032786885245903,1900,2,3,3
0.6698113207547169,0.6391752577319587,0.8040072859744991,1950,2,3,3
0.6981132075471698,0.6862745098039216,0.8040072859744991,2000,2,3,3
0.7641509433962265,0.7747747747747747,0.8131147540983608,2050,2,3,3
0.6981132075471698,0.7037037037037037,0.7963570127504553,2100,2,3,3
0.6886792452830188,0.6857142857142857,0.819672131147541,2150,2,3,3
0.7169811320754716,0.7169811320754716,0.8098360655737704,2200,2,3,3
0.6981132075471698,0.68,0.8123861566484518,2250,2,3,3
0.7075471698113207,0.7102803738317757,0.8153005464480875,2300,2,3,3
0.6981132075471698,0.6862745098039216,0.8131147540983606,2350,2,3,3
0.7452830188679245,0.7567567567567568,0.8287795992714025,2400,2,3,3
0.7452830188679245,0.7522935779816514,0.819672131147541,2450,2,3,3
0.7264150943396226,0.7289719626168224,0.8112932604735883,2500,2,3,3
0.46226415094339623,0.0,0.17361853832442065,0,0,3,4
0.5754716981132075,0.6715328467153284,0.5137254901960784,50,0,3,4
0.6226415094339622,0.696969696969697,0.7183600713012477,100,0,3,4
0.6886792452830188,0.717948717948718,0.8224598930481283,150,0,3,4
0.7641509433962265,0.7747747747747747,0.8531194295900179,200,0,3,4
0.7735849056603774,0.7894736842105263,0.8734402852049911,250,0,3,4
0.7924528301886793,0.7924528301886793,0.8819964349376114,300,0,3,4
0.7924528301886793,0.7843137254901961,0.8762923351158645,350,0,3,4
0.7924528301886793,0.7924528301886793,0.879144385026738,400,0,3,4
0.7830188679245284,0.7628865979381443,0.8805704099821747,450,0,3,4
0.8207547169811321,0.8155339805825242,0.879144385026738,500,0,3,4
0.8018867924528302,0.7878787878787878,0.8848484848484848,550,0,3,4
0.8018867924528302,0.7835051546391752,0.8606060606060607,600,0,3,4
0.7641509433962265,0.7368421052631579,0.8620320855614974,650,0,3,4
0.7641509433962265,0.7474747474747475,0.8552584670231729,700,0,3,4
0.7641509433962265,0.7663551401869159,0.8502673796791443,750,0,3,4
0.7735849056603774,0.7692307692307693,0.8531194295900177,800,0,3,4
0.8018867924528302,0.7920792079207921,0.8659536541889483,850,0,3,4
0.7830188679245284,0.7850467289719626,0.8531194295900179,900,0,3,4
0.7830188679245284,0.7766990291262136,0.8638146167557933,950,0,3,4
0.7924528301886793,0.7843137254901961,0.8545454545454545,1000,0,3,4
0.7830188679245284,0.780952380952381,0.8449197860962566,1050,0,3,4
0.7830188679245284,0.7628865979381443,0.8499108734402852,1100,0,3,4
0.7547169811320755,0.75,0.8491978609625669,1150,0,3,4
0.8018867924528302,0.7961165048543689,0.8627450980392156,1200,0,3,4
0.7547169811320755,0.75,0.8352941176470589,1250,0,3,4
0.7641509433962265,0.7368421052631579,0.8303030303030302,1300,0,3,4
0.7547169811320755,0.7636363636363637,0.8434937611408199,1350,0,3,4
0.7452830188679245,0.7216494845360825,0.816042780748663,1400,0,3,4
0.7641509433962265,0.7663551401869159,0.8591800356506238,1450,0,3,4
0.7641509433962265,0.7524752475247525,0.8199643493761141,1500,0,3,4
0.7641509433962265,0.7524752475247525,0.8392156862745098,1550,0,3,4
0.7547169811320755,0.75,0.8327985739750445,1600,0,3,4
0.7547169811320755,0.74,0.835650623885918,1650,0,3,4
0.7547169811320755,0.7291666666666666,0.8367201426024956,1700,0,3,4
0.7830188679245284,0.7850467289719626,0.8474153297682709,1750,0,3,4
0.7452830188679245,0.7032967032967034,0.8117647058823529,1800,0,3,4
0.7641509433962265,0.7747747747747747,0.8591800356506238,1850,0,3,4
0.7452830188679245,0.7157894736842105,0.8081996434937612,1900,0,3,4
0.7735849056603774,0.7551020408163265,0.8263814616755794,1950,0,3,4
0.7547169811320755,0.7450980392156863,0.8299465240641712,2000,0,3,4
0.6886792452830188,0.7401574803149606,0.8363636363636364,2050,0,3,4
0.8018867924528302,0.7920792079207921,0.8502673796791443,2100,0,3,4
0.7735849056603774,0.7735849056603774,0.8392156862745098,2150,0,3,4
0.7452830188679245,0.7476635514018691,0.8306595365418894,2200,0,3,4
0.7358490566037735,0.72,0.8253119429590018,2250,0,3,4
0.7264150943396226,0.7070707070707071,0.8167557932263815,2300,0,3,4
0.7452830188679245,0.7326732673267327,0.8213903743315507,2350,0,3,4
0.7924528301886793,0.7962962962962963,0.835650623885918,2400,0,3,4
0.7358490566037735,0.72,0.8267379679144384,2450,0,3,4
0.7735849056603774,0.7647058823529411,0.8360071301247772,2500,0,3,4
0.4716981132075472,0.6410256410256411,0.7546428571428572,0,1,3,4
0.5283018867924528,0.6666666666666666,0.7807142857142857,50,1,3,4
0.6415094339622641,0.703125,0.8403571428571428,100,1,3,4
0.6698113207547169,0.7107438016528925,0.8507142857142856,150,1,3,4
0.7075471698113207,0.7350427350427351,0.8474999999999999,200,1,3,4
0.7924528301886793,0.7962962962962963,0.8550000000000001,250,1,3,4
0.7830188679245284,0.7766990291262136,0.8542857142857143,300,1,3,4
0.8018867924528302,0.7878787878787878,0.8582142857142858,350,1,3,4
0.7641509433962265,0.782608695652174,0.8639285714285714,400,1,3,4
0.7735849056603774,0.7857142857142857,0.8707142857142857,450,1,3,4
0.7735849056603774,0.7692307692307693,0.8657142857142855,500,1,3,4
0.7924528301886793,0.7555555555555555,0.8585714285714285,550,1,3,4
0.8018867924528302,0.7640449438202247,0.8546428571428571,600,1,3,4
0.7547169811320755,0.7450980392156863,0.8578571428571429,650,1,3,4
0.7735849056603774,0.7551020408163265,0.8628571428571428,700,1,3,4
0.7830188679245284,0.7722772277227723,0.8614285714285713,750,1,3,4
0.7735849056603774,0.7647058823529411,0.859642857142857,800,1,3,4
0.7830188679245284,0.7676767676767676,0.8689285714285714,850,1,3,4
0.7924528301886793,0.7659574468085106,0.8589285714285714,900,1,3,4
0.7547169811320755,0.7719298245614035,0.8664285714285714,950,1,3,4
0.7641509433962265,0.7572815533980582,0.87,1000,1,3,4
0.7735849056603774,0.7647058823529411,0.8689285714285715,1050,1,3,4
0.7924528301886793,0.7708333333333334,0.8703571428571428,1100,1,3,4
0.7924528301886793,0.7755102040816326,0.8696428571428572,1150,1,3,4
0.8018867924528302,0.7878787878787878,0.8664285714285714,1200,1,3,4
0.7735849056603774,0.75,0.8685714285714285,1250,1,3,4
0.8018867924528302,0.7920792079207921,0.8692857142857142,1300,1,3,4
0.7358490566037735,0.7454545454545455,0.8682142857142857,1350,1,3,4
0.7830188679245284,0.7766990291262136,0.8717857142857143,1400,1,3,4
0.8018867924528302,0.7835051546391752,0.8575,1450,1,3,4
0.7924528301886793,0.7755102040816326,0.8639285714285715,1500,1,3,4
0.8018867924528302,0.7920792079207921,0.8724999999999999,1550,1,3,4
0.8018867924528302,0.7741935483870968,0.855,1600,1,3,4
0.7924528301886793,0.7555555555555555,0.8582142857142857,1650,1,3,4
0.7547169811320755,0.7450980392156863,0.8453571428571428,1700,1,3,4
0.7924528301886793,0.78,0.8678571428571429,1750,1,3,4
0.8018867924528302,0.7961165048543689,0.8660714285714286,1800,1,3,4
0.8207547169811321,0.8,0.8689285714285714,1850,1,3,4
0.7924528301886793,0.7659574468085106,0.8575,1900,1,3,4
0.7547169811320755,0.7592592592592593,0.874642857142857,1950,1,3,4
0.7924528301886793,0.7843137254901961,0.8675,2000,1,3,4
0.7547169811320755,0.7592592592592593,0.8635714285714287,2050,1,3,4
0.8018867924528302,0.7789473684210526,0.8732142857142856,2100,1,3,4
0.7924528301886793,0.7555555555555555,0.8671428571428571,2150,1,3,4
0.8113207547169812,0.8,0.8628571428571429,2200,1,3,4
0.6509433962264151,0.6991869918699187,0.8603571428571428,2250,1,3,4
0.8113207547169812,0.782608695652174,0.8642857142857142,2300,1,3,4
0.7641509433962265,0.7663551401869159,0.8657142857142858,2350,1,3,4
0.8301886792452831,0.82,0.8725,2400,1,3,4
0.8018867924528302,0.7640449438202247,0.8653571428571429,2450,1,3,4
0.8301886792452831,0.8163265306122449,0.8714285714285714,2500,1,3,4
0.6698113207547169,0.6236559139784946,0.7675774134790527,0,2,3,4
0.6886792452830188,0.6732673267326733,0.8127504553734062,50,2,3,4
0.7358490566037735,0.7543859649122807,0.8105646630236795,100,2,3,4
0.7358490566037735,0.7454545454545455,0.8258652094717669,150,2,3,4
0.7264150943396226,0.7289719626168224,0.8218579234972677,200,2,3,4
0.7169811320754716,0.7368421052631579,0.8207650273224043,250,2,3,4
0.7452830188679245,0.7610619469026548,0.8287795992714024,300,2,3,4
0.7547169811320755,0.7678571428571429,0.8204007285974498,350,2,3,4
0.7547169811320755,0.7758620689655172,0.829143897996357,400,2,3,4
0.7641509433962265,0.7863247863247863,0.8331511839708561,450,2,3,4
0.7641509433962265,0.7706422018348624,0.822950819672131,500,2,3,4
0.7641509433962265,0.7899159663865546,0.8247723132969035,550,2,3,4
0.7358490566037735,0.7358490566037735,0.8222222222222222,600,2,3,4
0.7358490566037735,0.7543859649122807,0.8182149362477232,650,2,3,4
0.7358490566037735,0.7586206896551724,0.8273224043715847,700,2,3,4
0.7547169811320755,0.7678571428571429,0.8324225865209471,750,2,3,4
0.7641509433962265,0.7747747747747747,0.8178506375227687,800,2,3,4
0.7358490566037735,0.7704918032786885,0.8225865209471765,850,2,3,4
0.7452830188679245,0.7652173913043478,0.833879781420765,900,2,3,4
0.7358490566037735,0.7846153846153846,0.824408014571949,950,2,3,4
0.7358490566037735,0.7586206896551724,0.8276867030965392,1000,2,3,4
0.7358490566037735,0.7543859649122807,0.8306010928961749,1050,2,3,4
0.7264150943396226,0.7478260869565218,0.8182149362477231,1100,2,3,4
0.7547169811320755,0.7719298245614035,0.829143897996357,1150,2,3,4
0.7358490566037735,0.7666666666666667,0.8185792349726776,1200,2,3,4
0.7641509433962265,0.7863247863247863,0.8284153005464481,1250,2,3,4
0.7264150943396226,0.7433628318584071,0.8218579234972678,1300,2,3,4
0.7452830188679245,0.7610619469026548,0.8214936247723134,1350,2,3,4
0.7358490566037735,0.75,0.8120218579234972,1400,2,3,4
0.7547169811320755,0.7936507936507936,0.8211293260473588,1450,2,3,4
0.7358490566037735,0.7666666666666667,0.8156648451730418,1500,2,3,4
0.7169811320754716,0.7321428571428571,0.8043715846994536,1550,2,3,4
0.7452830188679245,0.7567567567567568,0.8229508196721311,1600,2,3,4
0.7547169811320755,0.7903225806451613,0.8265938069216757,1650,2,3,4
0.7169811320754716,0.75,0.8102003642987249,1700,2,3,4
0.7358490566037735,0.7666666666666667,0.8178506375227687,1750,2,3,4
0.6886792452830188,0.7130434782608696,0.8127504553734062,1800,2,3,4
0.7169811320754716,0.7368421052631579,0.8061930783242258,1850,2,3,4
0.7075471698113207,0.7155963302752294,0.8003642987249545,1900,2,3,4
0.7452830188679245,0.7610619469026548,0.814936247723133,1950,2,3,4
0.6981132075471698,0.6923076923076923,0.7989071038251366,2000,2,3,4
0.7264150943396226,0.7563025210084033,0.8058287795992713,2050,2,3,4
0.7547169811320755,0.7796610169491526,0.8156648451730418,2100,2,3,4
0.6698113207547169,0.6846846846846847,0.804007285974499,2150,2,3,4
0.7547169811320755,0.7903225806451613,0.8080145719489981,2200,2,3,4
0.7452830188679245,0.7610619469026548,0.8229508196721311,2250,2,3,4
0.7169811320754716,0.7321428571428571,0.8134790528233151,2300,2,3,4
0.6886792452830188,0.717948717948718,0.8014571948998179,2350,2,3,4
0.7264150943396226,0.7521367521367521,0.8087431693989071,2400,2,3,4
0.7452830188679245,0.7692307692307693,0.8054644808743169,2450,2,3,4
0.7547169811320755,0.7758620689655172,0.8204007285974498,2500,2,3,4
